{
    "Honolulu":{"N":21.2,"E":-157.86666666666,"depth":NaN,"note":""},
    "DART46403m6":{"N":49.5,"E":-148.966666666666666,"depth":NaN,"note":""},
    "HaidaGwaii":{"N":52.5,"E":-132.5,"depth":NaN,"note":""},
    "HaidaGwaiiSouth":{"N":42.5,"E":-132.5,"depth":NaN,"note":""},
    "HaidaGwaiiWest":{"N":52.5,"E":-145.0,"depth":NaN,"note":""},
    "DART46407":{"N":42.663900000000005,"E":-128.8136,"depth":NaN,"note":""},
    "DART46404":{"N":45.8525,"E":-128.78,"depth":NaN,"note":""},
    "DART46410":{"N":57.6353,"E":-143.7992,"depth":NaN,"note":""},
    "DART46413":{"N":48.296400000000006,"E":-174.20420000000001,"depth":NaN,"note":""},
    "DART46403":{"N":52.6389,"E":-156.935,"depth":NaN,"note":""},
    "DART46409":{"N":55.30056,"E":-148.49944,"depth":NaN,"note":""},
    "DART46411":{"N":39.3425,"E":-127.02080000000001,"depth":NaN,"note":""},
    "DART51407":{"N":19.57778,"E":-156.58556,"depth":NaN,"note":""},
    "DART46408":{"N":49.6353,"E":-169.8778,"depth":NaN,"note":""},
    "DART46402":{"N":51.0675,"E":-164.02333,"depth":NaN,"note":""},
    "DART46419":{"N":48.768609999999995,"E":-129.62682999999998,"depth":NaN,"note":""},
    "WinterHarbour":{"N":50.513,"E":-128.029,"depth":NaN,"note":""},
    "BellaBella":{"N":52.163,"E":-128.143,"depth":NaN,"note":""},
    "HenslungCove":{"N":54.191,"E":-133.002,"depth":NaN,"note":""},
    "PortHardy":{"N":50.722,"E":-127.489,"depth":NaN,"note":""}
}
